"بيت","Noun","عاد أبي إلى (البيت) متأخراً بعد عمل طويل.|يقع (بيتنا) في شارع هادئ بجانب المسجد.","Arabic"
"مدرسة","Noun","يذهب التلاميذ إلى (المدرسة) كل صباح لتعلم العلوم.|(المدرسة) قريبة جداً من منزلنا، نذهب إليها مشياً.","Arabic"
"كتاب","Noun","قرأت (كتاباً) ممتعاً عن تاريخ الأندلس الأسبوع الماضي.|ضع هذا (الكتاب) على الرف العلوي في المكتبة.","Arabic"
"رجل","Noun","ساعد (رجل) طيب العجوز في عبور الشارع المزدحم.|هذا (الرجل) هو مدير الشركة الجديد.","Arabic"
"امرأة","Noun","هذه (المرأة) تعمل طبيبة في المستشفى الكبير.|كانت (امرأة) ذكية جداً وتتحدث ثلاث لغات.","Arabic"
"طالب","Noun","كل (طالب) في الفصل يجب أن يكتب مقالاً اليوم.|أنا (طالب) في جامعة القاهرة أدرس الهندسة.","Arabic"
"مدينة","Noun","القاهرة هي أكبر (مدينة) في العالم العربي.|أحب العيش في (مدينة) ساحلية خلال فصل الصيف.","Arabic"
"وقت","Noun","ليس لدي (وقت) كافٍ لشرح كل التفاصيل الآن.|يجب أن نحترم (الوقت) ونصل في الموعد المحدد.","Arabic"
"عمل","Noun","البحث عن (عمل) مناسب يتطلب الكثير من الصبر.|انتهيت من (عملي) وسأعود إلى المنزل الآن.","Arabic"
"يوم","Noun","سأراك في (يوم) السبت القادم إن شاء الله.|كان (يوماً) جميلاً قضيناه في الحديقة العامة.","Arabic"
"ماء","Noun","أشعر بالعطش الشديد، هل يمكنني شرب القليل من (الماء)؟|يجب غسل الخضروات بـ(ماء) نظيف قبل طبخها.","Arabic"
"طعام","Noun","رائحة (الطعام) الذي تطبخه أمي شهية جداً.|يوجد (طعام) كثير في الثلاجة لمن يشعر بالجوع.","Arabic"
"صديق","Noun","قابلت (صديقي) القديم في المقهى صدفة.|الصديق الحقيقي هو (صديق) وقت الضيق.","Arabic"
"شجر","Noun","توجد (أشجار) كثيرة في هذه الحديقة الواسعة.|تنمو (الشجرة) بشكل أسرع إذا سقيناها بانتظام.","Arabic"
"بحر","Noun","أحب الجلوس أمام (البحر) عند غروب الشمس.|السفر عبر (البحر) يستغرق وقتاً أطول من الطائرة.","Arabic"
"سيارة","Noun","اشتريت (سيارة) جديدة الأسبوع الماضي لونها أسود.|ركنت (سيارتي) في المواقف المخصصة خلف المبنى.","Arabic"
"لغة","Noun","اللغة العربية هي (لغة) القرآن الكريم والشعر.|تعلم (لغة) جديدة يفتح آفاقاً واسعة للمعرفة.","Arabic"
"صورة","Noun","التقطنا (صورة) تذكارية أمام الأهرامات في الجيزة.|علق أخي (صورة) عائلتنا في وسط غرفة الجلوس.","Arabic"
"ساعة","Noun","كم (الساعة) الآن؟ هل تأخرنا عن الموعد؟|أرتدي (ساعة) يدوية جميلة أهداني إياها والدي.","Arabic"
"شمس","Noun","تشرق (الشمس) كل صباح وتملأ الدنيا نوراً.|حرارة (الشمس) قوية جداً اليوم في وقت الظهيرة.","Arabic"
"كتب","Verb","(كتبتُ) رسالة طويلة إلى صديقي في السفر.|الطالب (يكتب) الدرس على السبورة الآن.","Arabic"
"ذهب","Verb","(ذهبتُ) إلى السوق صباحاً لشراء الفواكه.|هل (تذهبون) إلى النادي في عطلة نهاية الأسبوع؟","Arabic"
"أكل","Verb","(أكلتُ) وجبة لذيذة في مطعم إيطالي أمس.|الطفل الصغير (يأكل) التفاحة ببطء.","Arabic"
"شرب","Verb","(شربتُ) كوباً من القهوة الدافئة في الصباح.|هل (شربتَ) الماء الكافي بعد ممارسة الرياضة؟","Arabic"
"قرأ","Verb","(قرأتُ) خبراً مثيراً للاهتمام في الصحيفة اليوم.|المعلم (يقرأ) القصة للأطفال في المكتبة.","Arabic"
"فعل","Verb","ماذا (فعلتَ) عندما سمعت هذا الخبر الغريب؟|أنا (أفعل) ما بوسعي لمساعدتكم في هذا المشروع.","Arabic"
"قال","Verb","(قلتُ) له إن الموعد قد تغير إلى الساعة الخامسة.|الأم (تقول) دائماً إن الصدق هو أهم شيء.","Arabic"
"جاء","Verb","(جاء) أخي من المطار ومعه حقائب كثيرة.|متى (يأجيء) الضيوف إلى الحفل الليلة؟","Arabic"
"عرف","Verb","هل (عرفتَ) إجابة السؤال الصعب في الامتحان؟|أنا (أعرف) هذا الشخص منذ سنوات طويلة.","Arabic"
"نام","Verb","(نمتُ) مبكراً لكي أستيقظ بنشاط في الصباح.|القط (ينام) بهدوء فوق الأريكة في غرفة المعيشة.","Arabic"
"عمل","Verb","(عملتُ) في هذه الشركة لمدة خمس سنوات متواصلة.|أبي (يعمل) طبيباً في المستشفى المركزي.","Arabic"
"سمع","Verb","(سمعتُ) صوتاً غريباً يأتي من خلف الباب.|هل (تسمعون) صوت العصافير في الصباح الباكر؟","Arabic"
"رأى","Verb","(رأيتُ) فيلماً رائعاً في السينما ليلة أمس.|(رأينا) قوس قزح في السماء بعد هطول المطر.","Arabic"
"أراد","Verb","(أردتُ) شراء قميص جديد ولكن المحل كان مغلقاً.|هل (تريدين) الذهاب معنا إلى المكتبة الآن؟","Arabic"
"جلس","Verb","(جلستُ) تحت الشجرة الكبيرة لأستريح قليلاً.|الرجل (يجلس) على المقعد وينتظر الحافلة.","Arabic"
"خرج","Verb","(خرجتُ) من المنزل في تمام الساعة الثامنة صباحاً.|الموظفون (يخرجون) من الشركة بعد انتهاء الدوام.","Arabic"
"دخل","Verb","(دخلتُ) الغرفة ووجدت الجميع في انتظاري.|المعلم (يدخل) الفصل ويبدأ بشرح الدرس.","Arabic"
"سكن","Verb","(سكنتُ) في مدينة القاهرة لمدة عامين للدراسة.|أين (تسكن) الآن؟ هل منزلك قريب من هنا؟","Arabic"
"فهم","Verb","(فهمتُ) الدرس جيداً بفضل شرحك الواضح.|هل (فهمتم) القواعد الجديدة التي تعلمناها اليوم؟","Arabic"
"سأل","Verb","(سألتُ) المعلم عن معنى هذه الكلمة الصعبة.|السائح (يسأل) عن الطريق المؤدي إلى المتحف.","Arabic"
"كبير","Adjective","هذا البيت (كبير) جداً ويتسع لعائلة ضخمة.|يسكن أخي في مدينة (كبيرة) ومزدحمة بالسكان.","Arabic"
"صغير","Adjective","رأيت قطاً (صغيراً) وجميلاً في الحديقة.|هذا القميص (صغير) عليّ، أحتاج إلى مقاس أكبر.","Arabic"
"جميل","Adjective","المنظر من قمة الجبل (جميل) للغاية.|ارتدت مريم فستاناً (جميلاً) في حفلة التخرج.","Arabic"
"قبيح","Adjective","هذا التصرف (قبيح) ولا يليق بطالب مهذب.|لا أحب هذا اللون، إنه يبدو (قبيحاً) على الحائط.","Arabic"
"جديد","Adjective","اشتريت هاتفاً (جديداً) بمواصفات متطورة.|بدأ المعلم (الجديد) درسه الأول اليوم بنشاط.","Arabic"
"قديم","Adjective","هذه السيارة (قديمة) جداً ولكنها لا تزال تعمل.|وجدت كتاباً (قديماً) في مكتبة جدي المهجورة.","Arabic"
"طويل","Adjective","هذا الشارع (طويل) جداً ويصل بين حيين.|أخي (طويل) القامة ويلعب في فريق كرة السلة.","Arabic"
"قصير","Adjective","الوقت (قصير) جداً ولا يكفي لإنهاء الامتحان.|كتبت قصة (قصيرة) عن مغامراتي في الغابة.","Arabic"
"قوي","Adjective","يحتاج هذا العمل إلى رجل (قوي) ليحمل الصناديق.|كانت الرياح (قوية) لدرجة أنها كسرت أغصان الشجر.","Arabic"
"ضعيف","Adjective","أشعر بأنني (ضعيف) جسدياً بسبب الإنفلونزا.|مستوى الطالب في اللغة الفرنسية ما زال (ضعيفاً).","Arabic"
"سهل","Adjective","كان امتحان الرياضيات (سهلاً) اليوم وخرجنا مبكراً.|البحث عن المعلومات على الإنترنت أصبح (سهلاً) للغاية.","Arabic"
"صعب","Adjective","واجهتني مشكلة (صعبة) جداً في حل هذه المسألة.|من (الصعب) السفر في هذا الجو العاصف.","Arabic"
"غني","Adjective","هذا التاجر (غني) ويمتلك عدة شركات عالمية.|الزيتون (غني) بالزيوت الصحية المفيدة للجسم.","Arabic"
"فقير","Adjective","ساعدت الجمعية رجلاً (فقيراً) لا يملك ثمن الطعام.|كانت المنطقة (فقيرة) بالخدمات والمرافق العامة.","Arabic"
"سريع","Adjective","الفهد حيوان (سريع) جداً ويصطاد ببراعة.|ركبت قطاراً (سريعاً) يقطع المسافة في ساعة واحدة.","Arabic"
"بطيء","Adjective","السلحفاة حيوان (بطيء) في حركته على الأرض.|خدمة الإنترنت في هذا الفندق (بطيئة) جداً.","Arabic"
"بارد","Adjective","أحب شرب العصير (البارد) في أيام الصيف الحارة.|الجو (بارد) جداً في الخارج، ارتدِ معطفك.","Arabic"
"حار","Adjective","لا تشرب الشاي وهو (حار) لكي لا يحرق لسانك.|فصل الصيف في دبي يكون (حاراً) وجافاً.","Arabic"
"نظيف","Adjective","غرفتي دائماً (نظيفة) ومرتبة لأنني أنظفها يومياً.|يجب أن يكون الماء (نظيفاً) وصالحاً للشرب.","Arabic"
"وسخ","Adjective","كانت ملابس الطفل (وسخة) بعد لعبه في الطين.|لا تترك الأطباق (وسخة) في حوض المطبخ.","Arabic"
"جيداً","Adverb","تحدث الطالب اللغة العربية (جيداً) بعد دراستها لسنوات.|يجب أن تنظف أسنانك (جيداً) قبل النوم.","Arabic"
"دائماً","Adverb","أنا (دائماً) أستيقظ مبكراً لأمارس الرياضة الصباحية.|المعلم (دائماً) يساعد الطلاب في حل المشكلات الصعبة.","Arabic"
"أبداً","Adverb","لا أكذب (أبداً) لأنني أحترم الصدق في التعامل.|لم يزر أخي مدينة لندن (أبداً) في حياته.","Arabic"
"أحياناً","Adverb","أذهب إلى السينما (أحياناً) عندما يكون لدي وقت فراغ.|(أحياناً) تمطر السماء في فصل الصيف بشكل مفاجئ.","Arabic"
"كثيراً","Adverb","أحب عائلتي (كثيراً) وأقضي معهم كل عطلة.|لقد تأخرت (كثيراً) عن موعد المحاضرة اليوم.","Arabic"
"قليلاً","Adverb","انتظر (قليلاً) من فضلك حتى ينتهي المدير من الاجتماع.|أشعر بالتعب (قليلاً) وأحتاج إلى الراحة لدقائق.","Arabic"
"بسرعة","Adverb","قاد السائق السيارة (بسرعة) ليلحق بموعد القطار.|انتهى الطفل من أكل طعامه (بسرعة) ليذهب للعب.","Arabic"
"ببطء","Adverb","تمشي السلحفاة (ببطء) شديد على الرمال.|تحدث المعلم (ببطء) لكي يفهم الطلاب كل كلمة.","Arabic"
"هنا","Adverb","ضع كتبك (هنا) فوق هذه الطاولة الخشبية.|(هنا) ولدت وتربيت في هذا المنزل القديم.","Arabic"
"هناك","Adverb","انظر إلى ذلك الجبل (هناك) حيث تغطيه الثلوج.|توجد مكتبة كبيرة (هناك) في نهاية الشارع.","Arabic"
"الآن","Adverb","يجب أن نخرج من المنزل (الآن) لكي لا نتأخر.|أنا أدرس اللغة الإسبانية (الآن) عبر الإنترنت.","Arabic"
"أمس","Adverb","وصلت رسالتك (أمس) في وقت متأخر من الليل.|ذهبت إلى الطبيب (أمس) لأنني كنت مريضاً.","Arabic"
"غداً","Adverb","سوف نسافر إلى مكة (غداً) في الصباح الباكر.|سيكون الجو مشمساً (غداً) حسب توقعات الأرصاد.","Arabic"
"فجأة","Adverb","توقف المحرك (فجأة) في وسط الطريق السريع.|(فجأة) بدأ الجميع بالتصفيق عندما دخل البطل.","Arabic"
"معاً","Adverb","ذهبنا (معاً) إلى الحديقة وقضينا وقتاً ممتعاً.|دعونا نعمل (معاً) لإنهاء هذا المشروع بسرعة.","Arabic"
"مبكراً","Adverb","وصل الموظف إلى المكتب (مبكراً) ليبدأ عمله.|استيقظت (مبكراً) اليوم لأرى شروق الشمس.","Arabic"
"متأخراً","Adverb","وصل القطار (متأخراً) بنصف ساعة عن موعده.|عاد أبي إلى البيت (متأخراً) بسبب زحمة السير.","Arabic"
"جداً","Adverb","هذا الدرس مهم (جداً) للامتحان النهائي القادم.|أنا سعيد (جداً) برؤيتكم اليوم بعد غياب طويل.","Arabic"
"تقريباً","Adverb","انتهيت من قراءة الكتاب (تقريباً) ولم يبق إلا صفحتان.|كان هناك مئة شخص (تقريباً) في قاعة الاحتفال.","Arabic"
"ربما","Adverb","(ربما) يسافر والدي إلى الخارج في مهمة عمل.|لا أعرف السبب، (ربما) نسي مفاتيح السيارة بالداخل.","Arabic"
