"घर","Noun","काम के बाद मैं हमेशा अपने (घर) वापस आता हूँ।|हमारा (घर) मुख्य सड़क के बहुत पास है।","Hindi"
"समय","Noun","मेरे पास आज इस काम को पूरा करने के लिए (समय) नहीं है।|दिल्ली में इस (समय) मौसम कैसा है?","Hindi"
"काम","Noun","वह हर दिन अपने (काम) पर जाने के लिए तीस मिनट पैदल चलती है।|कल दफ्तर में मेरे पास बहुत (काम) था।","Hindi"
"आदमी","Noun","वह (आदमी) जो वहां खड़ा है, मेरा हिंदी शिक्षक है।|एक दयालु (आदमी) ने मुझे रास्ता खोजने में मदद की।","Hindi"
"साल","Noun","मेरा भाई अगले महीने एक (साल) और बड़ा हो जाएगा।|यह (साल) हमारे व्यवसाय के लिए बहुत अच्छा रहा है।","Hindi"
"दिन","Noun","आशा है कि आज स्कूल में आपका (दिन) अच्छा बीतेगा।|छुट्टियों के पहले (दिन) हम समुद्र तट पर गए थे।","Hindi"
"हाथ","Noun","खाना खाने से पहले अपने (हाथ) साबुन से अच्छी तरह धो लें।|उसने अपना बायां (हाथ) ऊपर उठाया।","Hindi"
"पानी","Noun","मुझे बहुत प्यास लगी है, कृपया एक गिलास ठंडा (पानी) दीजिये।|नदी का (पानी) आज बहुत साफ दिख रहा है।","Hindi"
"शहर","Noun","मुंबई एक बहुत बड़ा और व्यस्त (शहर) है।|मैं पहाड़ों के पास एक छोटे (शहर) में रहता हूँ।","Hindi"
"महिला","Noun","वह (महिला) जो वहां बैठी है, एक प्रसिद्ध डॉक्टर है।|मेरी माँ सबसे बहादुर (महिला) हैं जिन्हें मैं जानता हूँ।","Hindi"
"जिंदगी","Noun","वह बहुत स्वस्थ (जिंदगी) जीता है क्योंकि वह रोज खेल खेलता है।|शहर की (जिंदगी) गांव की तुलना में बहुत तेज है।","Hindi"
"बच्चा","Noun","वह छोटा (बच्चा) बगीचे में अपनी गेंद से खेल रहा है।|जब मैं (बच्चा) था, मुझे पेड़ पर चढ़ना पसंद था।","Hindi"
"किताब","Noun","मैंने कल भारत के इतिहास पर एक दिलचस्प (किताब) पढ़ी।|क्या आप मुझे अपनी गणित की (किताब) दे सकते हैं?","Hindi"
"नाम","Noun","उस गाने का (नाम) क्या है जो हम सुन रहे हैं?|कृपया कागज के ऊपर अपना पूरा (नाम) लिखें।","Hindi"
"देश","Noun","भारत एक बहुत ही विविध संस्कृति वाला (देश) है।|मैं गर्मियों में किसी दूसरे (देश) की यात्रा करना चाहता हूँ।","Hindi"
"जगह","Noun","यह वही (जगह) है जहाँ हम दस साल पहले मिले थे।|हम पढ़ने के लिए एक शांत (जगह) ढूंढ रहे हैं।","Hindi"
"खाना","Noun","भारतीय (खाना) अपने मसालों के लिए दुनिया भर में मशहूर है।|मेरी माँ हमेशा रविवार को बहुत स्वादिष्ट (खाना) बनाती हैं।","Hindi"
"दरवाजा","Noun","जब आप कमरे से बाहर जाएं, तो (दरवाजा) बंद कर दें।|कोई मुख्य (दरवाजा) खटखटा रहा है।","Hindi"
"दोस्त","Noun","वह मेरा सबसे अच्छा (दोस्त) है, हम बचपन से साथ हैं।|मैं कल शाम को अपने (दोस्त) से मिलने गया था।","Hindi"
"गाड़ी","Noun","मैंने पिछले हफ्ते एक नई (गाड़ी) खरीदी है।|अपनी (गाड़ी) को घर के सामने पार्क न करें।","Hindi"
"होना","Verb","आज बहुत गर्मी (है)।|कल मेरा जन्मदिन (था)।","Hindi"
"करना","Verb","मुझे अपना होमवर्क (करना) है।|वह दिन भर काम (करता) है।","Hindi"
"जाना","Verb","मैं कल बाज़ार (जाऊँगा)।|वह हर सुबह पार्क (जाती) है।","Hindi"
"आना","Verb","क्या तुम मेरे घर (आओगे)?|अतिथि शाम को (आए) थे।","Hindi"
"खाना","Verb","बच्चे आम (खा) रहे हैं।|मैंने दोपहर में दाल-चावल (खाया)।","Hindi"
"पीना","Verb","वह सुबह गर्म पानी (पीता) है।|क्या आप चाय (पिएंगे)?","Hindi"
"देखना","Verb","हम आज एक फिल्म (देखेंगे)।|उसने खिड़की के बाहर (देखा)।","Hindi"
"सुनना","Verb","मुझे पुराने गाने (सुनना) पसंद है।|क्या तुमने मेरी बात (सुनी)?","Hindi"
"बोलना","Verb","कृपया धीरे (बोलिए)।|वह तीन भाषाएँ (बोल) सकता है।","Hindi"
"पढ़ना","Verb","वह रोज़ अखबार (पढ़ता) है।|मैंने यह किताब स्कूल में (पढ़ी) थी।","Hindi"
"लिखना","Verb","मैं उसे एक पत्र (लिख) रहा हूँ।|अपनी कॉपी में अपना नाम (लिखो)।","Hindi"
"सीखना","Verb","मैं हिंदी (सीख) रहा हूँ।|उसने कार चलाना (सीखा)।","Hindi"
"सोना","Verb","बच्चा पालने में (सो) रहा है।|मैं रात को जल्दी (सोता) हूँ।","Hindi"
"बैठना","Verb","कृपया इस कुर्सी पर (बैठिए)।|वे पेड़ के नीचे (बैठे) थे।","Hindi"
"चलना","Verb","हमें तेज़ (चलना) होगा।|क्या तुम मेरे साथ (चलोगे)?","Hindi"
"देना","Verb","कृपया मुझे अपनी कलम (दीजिये)।|उसने मुझे एक उपहार (दिया)।","Hindi"
"लेना","Verb","दुकानदार से रसीद (ले) लो।|उसने बाज़ार से फल (लिए)।","Hindi"
"समझना","Verb","क्या आप मेरा मतलब (समझते) हैं?|उसने पूरी कहानी अच्छी तरह (समझी)।","Hindi"
"रहना","Verb","मैं दिल्ली में (रहता) हूँ।|वे बहुत खुश (रहते) हैं।","Hindi"
"चाहना","Verb","मैं डॉक्टर बनना (चाहता) हूँ।|वह एक नई घड़ी (चाहती) है।","Hindi"
"बड़ा","Adjective","यह हाथी बहुत (बड़ा) है।|वह एक (बड़े) शहर में रहता है।","Hindi"
"छोटा","Adjective","मेरा घर (छोटा) है लेकिन सुंदर है।|उसने एक (छोटा) कुत्ता खरीदा।","Hindi"
"अच्छा","Adjective","यह एक (अच्छा) विचार है।|वह बहुत (अच्छी) लड़की है।","Hindi"
"बुरा","Adjective","झूठ बोलना (बुरी) आदत है।|आज मेरा दिन बहुत (बुरा) रहा।","Hindi"
"नया","Adjective","मैंने एक (नया) मोबाइल खरीदा है।|यह (नई) किताब बहुत दिलचस्प है।","Hindi"
"पुराना","Adjective","यह मंदिर बहुत (पुराना) है।|मेरे पास एक (पुरानी) घड़ी है।","Hindi"
"सुंदर","Adjective","ताजमहल बहुत (सुंदर) इमारत है।|बगीचे में (सुंदर) फूल खिले हैं।","Hindi"
"लंबा","Adjective","जिराफ़ की गर्दन (लंबी) होती है।|रास्ता बहुत (लंबा) और कठिन है।","Hindi"
"साफ","Adjective","हमें हमेशा (साफ) पानी पीना चाहिए।|उसका कमरा बहुत (साफ) रहता है।","Hindi"
"गंदा","Adjective","बारिश की वजह से रास्ता (गंदा) हो गया है।|अपने (गंदे) हाथ मत दिखाओ।","Hindi"
"अमीर","Adjective","वह शहर का सबसे (अमीर) आदमी है।|यह देश प्राकृतिक संसाधनों में (अमीर) है।","Hindi"
"गरीब","Adjective","हमें (गरीब) लोगों की मदद करनी चाहिए।|वह एक (गरीब) परिवार से आता है।","Hindi"
"गरम","Adjective","मुझे (गरम) चाय पीना पसंद है।|आज मौसम बहुत (गरम) है।","Hindi"
"ठंडा","Adjective","गर्मी में (ठंडा) पानी अच्छा लगता है।|हिमालय में बहुत (ठंड) होती है।","Hindi"
"खुश","Adjective","आज मैं बहुत (खुश) हूँ।|वे एक (खुश) परिवार हैं।","Hindi"
"दुखी","Adjective","वह अपनी हार से बहुत (दुखी) था।|कभी किसी को (दुखी) मत करो।","Hindi"
"महंगा","Adjective","यह सोना बहुत (महंगा) है।|शहर में घर खरीदना (महंगा) काम है।","Hindi"
"सस्ता","Adjective","बाज़ार में फल (सस्ते) मिल रहे हैं।|यह कपड़ा बहुत (सस्ता) और अच्छा है।","Hindi"
"भारी","Adjective","यह पत्थर बहुत (भारी) है।|मेरे कंधे पर एक (भारी) बस्ता है।","Hindi"
"हल्का","Adjective","यह रुई बहुत (हल्की) है।|आज मैंने (हल्का) खाना खाया।","Hindi"
"बहुत","Adverb","यह चाय (बहुत) गर्म है, धीरे पिएं।|वह अपनी कक्षा में (बहुत) अच्छा गाती है।","Hindi"
"जल्दी","Adverb","हमें (जल्दी) निकलना होगा वरना ट्रेन छूट जाएगी।|अपना काम (जल्दी) खत्म करो और खेलने जाओ।","Hindi"
"धीरे","Adverb","कृपया थोड़ा (धीरे) बोलिए, मुझे समझ नहीं आ रहा।|बूढ़ा आदमी सड़क पर (धीरे) चल रहा था।","Hindi"
"हमेशा","Adverb","मैं (हमेशा) सुबह पाँच बजे उठता हूँ।|सच्चाई की (हमेशा) जीत होती है।","Hindi"
"कभी-कभी","Adverb","मैं (कभी-कभी) बाहर का खाना खाता हूँ।|वह (कभी-कभी) हमसे मिलने घर आता है।","Hindi"
"आज","Adverb","(आज) मौसम बहुत सुहावना है।|मैं (आज) अपना प्रोजेक्ट पूरा करूँगा।","Hindi"
"कल","Adverb","(कल) स्कूल की छुट्टी थी।|हम (कल) फिल्म देखने जाएँगे।","Hindi"
"अभी","Adverb","मैं (अभी) बाज़ार से वापस आया हूँ।|आपको (अभी) इसी वक्त घर जाना चाहिए।","Hindi"
"यहाँ","Adverb","कृपया (यहाँ) बैठिए और मेरा इंतज़ार कीजिए।|मेरे दोस्त (यहाँ) पास में ही रहते हैं।","Hindi"
"वहाँ","Adverb","(वहाँ) पेड़ के नीचे कौन खड़ा है?|मैंने अपनी चाबियाँ (वहाँ) टेबल पर रखी थीं।","Hindi"
"तेज़","Adverb","घोड़ा बहुत (तेज़) दौड़ता है।|बारिश बहुत (तेज़) हो रही है, छाता ले लो।","Hindi"
"अचानक","Adverb","रास्ते में (अचानक) बिजली चली गई।|उसे देखकर मैं (अचानक) हैरान रह गया।","Hindi"
"शायद","Adverb","(शायद) आज रात बारिश होगी।|वह (शायद) कल दफ्तर नहीं आएगा।","Hindi"
"सिर्फ़","Adverb","मुझे (सिर्फ़) एक गिलास पानी चाहिए।|उसने (सिर्फ़) दो घंटे पढ़ाई की।","Hindi"
"रोज़","Adverb","मैं (रोज़) व्यायाम करता हूँ।|वह (रोज़) मंदिर जाती है।","Hindi"
"बिल्कुल","Adverb","यह सवाल (बिल्कुल) सही है।|मैं आपकी बात से (बिल्कुल) सहमत हूँ।","Hindi"
"फिर","Adverb","हम (फिर) कभी इस बारे में बात करेंगे।|वह गिर गया और (फिर) उठकर खड़ा हुआ।","Hindi"
"लगातार","Adverb","कल रात से (लगातार) बारिश हो रही है।|उसने (लगातार) तीन घंटे तक काम किया।","Hindi"
"सावधानी से","Adverb","गाड़ी (सावधानी से) चलाएं, सड़क गीली है।|उसने (सावधानी से) काँच का गिलास रखा।","Hindi"
"जल्द ही","Adverb","हम (जल्द ही) नए घर में शिफ्ट होंगे।|डॉक्टर (जल्द ही) आपसे मिलेंगे।","Hindi"
